Model,MAE,RMSE
Naive (Persistence),6.767732962447845,9.778350245249761
